Point_Name,X_m,Y_m,Z_m
VisnavModel3 v2:1 -> beacon1,1.0,7.105427357601002e-17,-0.5000000000000003
VisnavModel3 v2:1 -> beacon2,1.0,-0.4330127018922194,0.25000000000000044
VisnavModel3 v2:1 -> beacon3,1.0,0.43301270189221974,0.2500000000000001
VisnavModel3 v2:1 -> beacon4,2.0,-3.663238482422516e-16,0.9999999999999991
VisnavModel3 v2:1 -> beacon5,2.0,0.8660254037844378,-0.4999999999999989
VisnavModel3 v2:1 -> beacon6,2.0,-0.8660254037844379,-0.49999999999999917
