Point_Name,X_m,Y_m,Z_m
VisnavModel3 v2:1 -> beacon1,1.7660444431189932,2.64278760968652,-0.5000000000000003
VisnavModel3 v2:1 -> beacon2,2.0443796427321943,2.3110806356020444,0.25000000000000044
VisnavModel3 v2:1 -> beacon3,1.4877092435057915,2.9744945837709964,0.2500000000000001
VisnavModel3 v2:1 -> beacon4,2.5320888862379873,3.2855752193730394,0.9999999999999991
VisnavModel3 v2:1 -> beacon5,1.9754184870115852,3.9489891675419915,-0.4999999999999989
VisnavModel3 v2:1 -> beacon6,3.088759285464389,2.6221612712040883,-0.49999999999999917
